{"cameraMode":{"drawMode":0,"name":"Shaded","section":"Shading Mode"},"sceneLighting":true,"audioPlay":false,"sceneViewState":{"showFog":true,"showMaterialUpdate":false,"showSkybox":true,"showFlares":true,"showImageEffects":true,"showParticleSystems":true,"showVisualEffectGraphs":true,"m_FxEnabled":true},"in2DMode":false,"pivot":{"x":66.29171752929688,"y":11.360743522644043,"z":32.407928466796878},"rotation":{"x":0.13191771507263184,"y":-0.7969688773155212,"z":0.18753589689731599,"w":0.5590800046920776},"size":0.7071041464805603,"orthographic":false}