{"cameraMode":{"drawMode":0,"name":"Shaded","section":"Shading Mode"},"sceneLighting":true,"audioPlay":false,"sceneViewState":{"showFog":true,"showMaterialUpdate":false,"showSkybox":true,"showFlares":true,"showImageEffects":true,"showParticleSystems":true,"showVisualEffectGraphs":true,"m_FxEnabled":true},"in2DMode":false,"pivot":{"x":7.7249321937561039,"y":10.71495532989502,"z":-2.8788204193115236},"rotation":{"x":0.34575697779655459,"y":-0.21618415415287019,"z":0.08216170221567154,"w":0.9094275236129761},"size":3.907158136367798,"orthographic":false}