{"cameraMode":{"drawMode":0,"name":"Shaded","section":"Shading Mode"},"sceneLighting":true,"audioPlay":false,"sceneViewState":{"showFog":true,"showMaterialUpdate":false,"showSkybox":true,"showFlares":true,"showImageEffects":true,"showParticleSystems":true,"showVisualEffectGraphs":true,"m_FxEnabled":true},"in2DMode":false,"pivot":{"x":99.76659393310547,"y":0.893807053565979,"z":55.197853088378909},"rotation":{"x":0.015245476737618447,"y":0.5248041152954102,"z":-0.009577940218150616,"w":0.8513345122337341},"size":20.724943161010743,"orthographic":false}